<?xml version="1.0" encoding="UTF-8"?>
<!DOCTYPE hibernate-mapping PUBLIC 
    "-//Hibernate/Hibernate Mapping DTD 3.0//EN"
    "http://hibernate.sourceforge.net/hibernate-mapping-3.0.dtd">

<hibernate-mapping>
    <class name="com.infinite.jsf.pharmacy.model.Medicines" table="Medicines" dynamic-update="true">
        <id name="medicineId" column="medicine_id" type="string">
            <generator class="assigned"/>
        </id>

        <property name="medicineName" column="medicine_name" type="string" not-null="true"/>
        <property name="description" column="description" type="string" not-null="true"/>
        <property name="quantityInStock" column="quantity_in_stock" type="int" not-null="true"/>
        <property name="expiryDate" column="expiry_date" type="date" not-null="true"/>
        <property name="unitPrice" column="unit_price" type="double" not-null="true"/>
        <property name="purpose" column="purpose" type="string" not-null="true"/>
        <property name="batchNo" column="batch_no" type="string" not-null="true"/>

        
        <many-to-one name="pharmacy" class="com.infinite.jsf.pharmacy.model.Pharmacy" column="pharmacy_id" not-null="true"/>
        
        <set name="dispensedMedicines" table="Dispensed_Medicines" inverse="true" lazy="true" cascade="all">
    		<key column="medicine_id"/>
    		<one-to-many class="com.infinite.jsf.pharmacy.model.DispensedMedicines"/>
		</set>
        
    </class>
    
    <query name="ShowMedicinesByName">
    	from Medicines where medicine_name = :medicineName
    </query>
    <query name="ShowMedicinesByPharmacyId">
    	from Medicines where pharmacy_id = :pharmacyId
    </query>
    
</hibernate-mapping>
