<?xml version="1.0" encoding="UTF-8"?>
<!DOCTYPE hibernate-mapping PUBLIC
    "-//Hibernate/Hibernate Mapping DTD 3.0//EN"
    "http://hibernate.sourceforge.net/hibernate-mapping-3.0.dtd">

<hibernate-mapping>
    <class name="com.infinite.jsf.admin.model.Otp" table="Admin_Otp">
        <id name="otpId" column="otp_id">
            <generator class="native"/>
        </id>

        <property name="email" column="email" type="string"/>
        <property name="otpCode" column="otp_code" type="string"/>

        <property name="reason">
            <column name="reason"/>
            <type name="org.hibernate.type.EnumType">
                <param name="enumClass">com.infinite.jsf.admin.model.Reason</param>
                <param name="useNamed">true</param>
            </type>
        </property>

        <property name="status">
            <column name="status"/>
            <type name="org.hibernate.type.EnumType">
                <param name="enumClass">com.infinite.jsf.admin.model.OtpStatus</param>
                <param name="useNamed">true</param>
            </type>
        </property>

        <property name="createdAt" column="created_at" type="timestamp"/>
        <property name="expiresAt" column="expires_at" type="timestamp"/>
    </class>
</hibernate-mapping>
